alias,ceo,company
Doug McMillon Walmart,Doug McMillon,Walmart
Andrew Jassy Amazon,Andrew Jassy,Amazon
Stephen Hemsley UnitedHealth,Stephen Hemsley,UnitedHealth
Tim Cook Apple,Tim Cook,Apple
David Joyner CVS Health,David Joyner,CVS Health
Warren Buffett Berkshire Hathaway,Warren Buffett,Berkshire Hathaway
Sundar Pichai Alphabet,Sundar Pichai,Alphabet
Darren Woods Exxon Mobil,Darren Woods,Exxon Mobil
Brian Tyler McKesson,Brian Tyler,McKesson
Robert Mauch Cencora,Robert Mauch,Cencora
Jamie Dimon JPMorgan Chase,Jamie Dimon,JPMorgan Chase
Ron Vachris Costco,Ron Vachris,Costco
David Cordani Cigna,David Cordani,Cigna
Satya Nadella Microsoft,Satya Nadella,Microsoft
Jason Hollar Cardinal Health,Jason Hollar,Cardinal Health
Mike Wirth Chevron,Mike Wirth,Chevron
Brian Moynihan Bank of America,Brian Moynihan,Bank of America
Mary Barra General Motors,Mary Barra,General Motors
Jim Farley Ford Motor,Jim Farley,Ford Motor
Gail Boudreaux Elevance Health,Gail Boudreaux,Elevance Health
Jane Fraser Citigroup,Jane Fraser,Citigroup
Mark Zuckerberg Meta Platforms,Mark Zuckerberg,Meta Platforms
Sarah London Centene,Sarah London,Centene
Ted Decker Home Depot,Ted Decker,Home Depot
Priscilla Almodovar Fannie Mae,Priscilla Almodovar,Fannie Mae
Ron Sargent Kroger,Ron Sargent,Kroger
Mark Lashier Phillips 66,Mark Lashier,Phillips 66
Maryann Mannen Marathon Petroleum,Maryann Mannen,Marathon Petroleum
Hans Vestberg Verizon,Hans Vestberg,Verizon
Jensen Huang Nvidia,Jensen Huang,Nvidia
David Solomon Goldman Sachs,David Solomon,Goldman Sachs
Charles Scharf Wells Fargo,Charles Scharf,Wells Fargo
Lane Riggs Valero Energy,Lane Riggs,Valero Energy
Brian Roberts Comcast,Brian Roberts,Comcast
Jon Farney State Farm Insurance,Jon Farney,State Farm Insurance
John Stankey AT&T,John Stankey,AT&T
Michael Hutchins Freddie Mac,Michael Hutchins,Freddie Mac
Jim Rechtin Humana,Jim Rechtin,Humana
Ted Pick Morgan Stanley,Ted Pick,Morgan Stanley
Michael Fiddelke Target,Michael Fiddelke,Target
Philip Smith StoneX Group,Philip Smith,StoneX Group
Elon Musk Tesla,Elon Musk,Tesla
Michael Dell Dell Technologies,Michael Dell,Dell Technologies
Ramon Laguarta PepsiCo,Ramon Laguarta,PepsiCo
Bob Iger Walt Disney,Bob Iger,Walt Disney
Carol Tome UPS,Carol Tome,UPS
Joaquin Duato Johnson & Johnson,Joaquin Duato,Johnson & Johnson
Rajesh Subramaniam FedEx,Rajesh Subramaniam,FedEx
Juan Luciano Archer Daniels Midland,Juan Luciano,Archer Daniels Midland
Jon Moeller Procter & Gamble,Jon Moeller,Procter & Gamble
Marvin Ellison Lowe's,Marvin Ellison,Lowe's
Thomas Long Energy Transfer,Thomas Long,Energy Transfer
Christopher Calio RTX,Christopher Calio,RTX
Susan Morris Albertsons,Susan Morris,Albertsons
Kevin Hourican Sysco,Kevin Hourican,Sysco
Tricia Griffith Progressive Insurance,Tricia Griffith,Progressive Insurance
Stephen Squeri American Express,Stephen Squeri,American Express
James Taiclet Lockheed Martin,James Taiclet,Lockheed Martin
Michel Khalaf MetLife,Michel Khalaf,MetLife
Samuel Hazen HCA Healthcare,Samuel Hazen,HCA Healthcare
Andrew Sullivan Prudential Financial,Andrew Sullivan,Prudential Financial
Kelly Ortberg Boeing,Kelly Ortberg,Boeing
Joe Creed Caterpillar,Joe Creed,Caterpillar
Robert M Davis Merck,Robert M Davis,Merck
Thomas J Wilson Allstate,Thomas J Wilson,Allstate
Albert Bourla Pfizer,Albert Bourla,Pfizer
Arvind Krishna IBM,Arvind Krishna,IBM
Craig DeSanto New York Life Insurance,Craig DeSanto,New York Life Insurance
Ed Bastian Delta Air Lines,Ed Bastian,Delta Air Lines
Kevin Murphy Publix Super Markets,Kevin Murphy,Publix Super Markets
Kirt Walker Nationwide Insurance,Kirt Walker,Nationwide Insurance
Patrick Zammit TD Synnex,Patrick Zammit,TD Synnex
Scott Kirby United Airlines,Scott Kirby,United Airlines
Ryan Lance ConocoPhillips,Ryan Lance,ConocoPhillips
Ernie Herrman TJX,Ernie Herrman,TJX
Bob Michael AbbVie,Bob Michael,AbbVie
AJ Jim Teague Enterprise Products Partners,AJ Jim Teague,Enterprise Products Partners
Christopher Winfrey Charter Communications,Christopher Winfrey,Charter Communications
George Holm Performance Food,George Holm,Performance Food
Robert Isom American Airlines,Robert Isom,American Airlines
Richard Fairbank Capital One,Richard Fairbank,Capital One
Chuck Robbins Cisco Systems,Chuck Robbins,Cisco Systems
Enrique Lores HP,Enrique Lores,HP
Donnie King Tyson Foods,Donnie King,Tyson Foods
Lip-Bu Tan Intel,Lip-Bu Tan,Intel
Safra Catz Oracle,Safra Catz,Oracle
Hock Tan Broadcom,Hock Tan,Broadcom
John May Deere,John May,Deere
Elliott Hill Nike,Elliott Hill,Nike
Timothy M Sweeney Liberty Mutual Insurance,Timothy M Sweeney,Liberty Mutual Insurance
Willie Chiang Plains GP,Willie Chiang,Plains GP
Juan Andrade USAA,Juan Andrade,USAA
Chris Boerner Bristol-Myers Squibb,Chris Boerner,Bristol-Myers Squibb
Paul Bay Ingram Micro,Paul Bay,Ingram Micro
Phebe Novakovic General Dynamics,Phebe Novakovic,General Dynamics
James Quincey The Coca-Cola Company,James Quincey,The Coca-Cola Company
Thasunda Brown Duckett TIAA,Thasunda Brown Duckett,TIAA
Alan Schnitzer Travelers Insurance,Alan Schnitzer,Travelers Insurance
David Ricks Eli Lilly,David Ricks,Eli Lilly
Dara Khosrowshahi Uber,Dara Khosrowshahi,Uber
Roger Crandall Mass Mutual,Roger Crandall,Mass Mutual
Marc Casper Thermo Fisher Scientific,Marc Casper,Thermo Fisher Scientific
Gunjan Kedia US Bancorp,Gunjan Kedia,US Bancorp
Michael Kasbar World Kinect,Michael Kasbar,World Kinect
Robert Ford Abbott Laboratories,Robert Ford,Abbott Laboratories
Corie Barry Best Buy,Corie Barry,Best Buy
Tim Gerend Northwestern Mutual,Tim Gerend,Northwestern Mutual
Kathy Warden Northrop Grumman,Kathy Warden,Northrop Grumman
Joe Zubretsky Molina Healthcare,Joe Zubretsky,Molina Healthcare
Todd Vasos Dollar General,Todd Vasos,Dollar General
Robin Vince Bank of New York Mellon,Robin Vince,Bank of New York Mellon
David Zaslav Warner Bros Discovery,David Zaslav,Warner Bros Discovery
Jay Debertin CHS,Jay Debertin,CHS
Ted Sarandos Netflix,Ted Sarandos,Netflix
Cristiano Amon Qualcomm,Cristiano Amon,Qualcomm
Vimal Kapur Honeywell,Vimal Kapur,Honeywell
Marc Benioff Salesforce,Marc Benioff,Salesforce
Jacek Olczak Philip Morris International,Jacek Olczak,Philip Morris International
David Flitman US Foods,David Flitman,US Foods
Paul Romanowski DR Horton,Paul Romanowski,DR Horton
Bryan DeBoer Lithia Motors,Bryan DeBoer,Lithia Motors
Dirk Van de Put Mondelez,Dirk Van de Put,Mondelez
Brian Niccol Starbucks,Brian Niccol,Starbucks
Ryan McInerney Visa,Ryan McInerney,Visa
Robert Sulentic CBRE Group,Robert Sulentic,CBRE Group
Jonathan Jaffe Lennar,Jonathan Jaffe,Lennar
Scott Strazik GE Vernova,Scott Strazik,GE Vernova
William Demchak PNC Financial Services,William Demchak,PNC Financial Services
Jennifer Rumsey Cummins,Jennifer Rumsey,Cummins
Preston Feight Paccar,Preston Feight,Paccar
Robert Bradway Amgen,Robert Bradway,Amgen
Matthew Lucey PBF Energy,Matthew Lucey,PBF Energy
Brian D Pieninck GuideWell Mutual,Brian D Pieninck,GuideWell Mutual
Alex Chriss PayPal,Alex Chriss,PayPal
Sandy Douglas United Natural Foods,Sandy Douglas,United Natural Foods
Michael Creedon Dollar Tree,Michael Creedon,Dollar Tree
Leon Topalian Nucor,Leon Topalian,Nucor
Roger Penske Penske Automotive,Roger Penske,Penske Automotive
Bom Kim Coupang,Bom Kim,Coupang
Antonio Neri Hewlett Packard Enterprise,Antonio Neri,Hewlett Packard Enterprise
Harry Sideris Duke Energy,Harry Sideris,Duke Energy
Joseph Bae KKR & Co,Joseph Bae,KKR & Co
Kevin Murphy Ferguson Enterprises,Kevin Murphy,Ferguson Enterprises
Brian Robbins Paramount Global,Brian Robbins,Paramount Global
Michael Dastoor Jabil,Michael Dastoor,Jabil
Daniel O'Day Gilead Sciences,Daniel O'Day,Gilead Sciences
Tim Go HF Sinclair,Tim Go,HF Sinclair
William Nash CarMax,William Nash,CarMax
Michael Miebach Mastercard,Michael Miebach,Mastercard
Lawrence Coben NRG Energy,Lawrence Coben,NRG Energy
Sean Kerins Arrow Electronics,Sean Kerins,Arrow Electronics
Lorenzo Simonelli Baker Hughes,Lorenzo Simonelli,Baker Hughes
Bob Jordan Southwest Airlines,Bob Jordan,Southwest Airlines
Peter Zaffino AIG,Peter Zaffino,AIG
Gary Dickerson Applied Materials,Gary Dickerson,Applied Materials
Vicki Hollub Occidental Petroleum,Vicki Hollub,Occidental Petroleum
Michael Manley AutoNation,Michael Manley,AutoNation
Christopher Womack Southern Company,Christopher Womack,Southern Company
Christopher Swift The Hartford,Christopher Swift,The Hartford
Marc Rowan Apollo Global Management,Marc Rowan,Apollo Global Management
Rick Wurster Charles Schwab,Rick Wurster,Charles Schwab
Chris Kempczinski McDonalds,Chris Kempczinski,McDonalds
Carlos Abrams-Rivera Kraft Heinz,Carlos Abrams-Rivera,Kraft Heinz
Lisa Su Advanced Micro Devices,Lisa Su,Advanced Micro Devices
William H Rogers Jr Truist Financial,William H Rogers Jr,Truist Financial
Kathleen Quirk Freeport-McMoRan,Kathleen Quirk,Freeport-McMoRan
Sanjay Mehrotra Micron Technology,Sanjay Mehrotra,Micron Technology
Anthony Capuano Marriott International,Anthony Capuano,Marriott International
David Gitlin Carrier Global,David Gitlin,Carrier Global
John Ketchum NextEra Energy,John Ketchum,NextEra Energy
William M Brown 3M,William M Brown,3M
John Doyle Marsh & McLennan,John Doyle,Marsh & McLennan
Patricia Poppe PG&E,Patricia Poppe,PG&E
Jim Vena Union Pacific,Jim Vena,Union Pacific
Brian Doubles Synchrony Financial,Brian Doubles,Synchrony Financial
Rainer Blair Danaher,Rainer Blair,Danaher
Philip Gallagher Avnet,Philip Gallagher,Avnet
Glenn Fogel Booking Holdings,Glenn Fogel,Booking Holdings
Ezra Yacob EOG Resources,Ezra Yacob,EOG Resources
Earl Austin Quanta Services,Earl Austin,Quanta Services
Michael Shepherd Discover Financial,Michael Shepherd,Discover Financial
Joseph Dominguez Constellation Energy,Joseph Dominguez,Constellation Energy
William Stengel II Genuine Parts,William Stengel II,Genuine Parts
Christian Ulbrich Jones Lang LaSalle,Christian Ulbrich,Jones Lang LaSalle
Raymond E Scott Lear Corporation,Raymond E Scott,Lear Corporation
Michael Rapino Live Nation Entertainment,Michael Rapino,Live Nation Entertainment
Heidi Petz Sherwin-Williams,Heidi Petz,Sherwin-Williams
Calvin G Butler Jr Exelon,Calvin G Butler Jr,Exelon
Tony Spring Macys,Tony Spring,Macys
Jeff Miller Halliburton,Jeff Miller,Halliburton
Kevin Lobo Stryker,Kevin Lobo,Stryker
Tony Cheng Reinsurance Group of America,Tony Cheng,Reinsurance Group of America
Ronald P O'Hanley State Street,Ronald P O'Hanley,State Street
John Engel WESCO International,John Engel,WESCO International
Pierce Norton II Oneok,Pierce Norton II,Oneok
Shantanu Narayen Adobe,Shantanu Narayen,Adobe
Bill Westrate American Family Insurance,Bill Westrate,American Family Insurance
Chris Kubasik L3Harris Technologies,Chris Kubasik,L3Harris Technologies
James Conroy Ross Stores,James Conroy,Ross Stores
Christine Leahy CDW,Christine Leahy,CDW
Saumya Sutaria Tenet Healthcare,Saumya Sutaria,Tenet Healthcare
Bob Eddy BJ's Wholesale Club,Bob Eddy,BJ's Wholesale Club
Mike Lyons Fiserv,Mike Lyons,Fiserv
William Gifford Altria,William Gifford,Altria
Larry Fink BlackRock,Larry Fink,BlackRock
Thomas Polen Becton Dickinson,Thomas Polen,Becton Dickinson
Noel Wallace Colgate-Palmolive,Noel Wallace,Colgate-Palmolive
Michael Hsu Kimberly-Clark,Michael Hsu,Kimberly-Clark
Daryl Kenningham Group 1 Automotive,Daryl Kenningham,Group 1 Automotive
Jennifer Parmentier Parker-Hannifin,Jennifer Parmentier,Parker-Hannifin
Jeffrey Harmening General Mills,Jeffrey Harmening,General Mills
Ravi Kumar S Cognizant Technology Solutions,Ravi Kumar S,Cognizant Technology Solutions
William Fehrman American Electric Power,William Fehrman,American Electric Power
Peter Arduini GE HealthCare Technologies,Peter Arduini,GE HealthCare Technologies
Maria Black Automatic Data Processing,Maria Black,Automatic Data Processing
Lourenco Goncalves Cleveland-Cliffs,Lourenco Goncalves,Cleveland-Cliffs
Dan Amos Aflac,Dan Amos,Aflac
Mark Stewart Goodyear Tire & Rubber,Mark Stewart,Goodyear Tire & Rubber
Kevin Hogan Corebridge Financial,Kevin Hogan,Corebridge Financial
Thomas Palmer Newmont,Thomas Palmer,Newmont
Andrew Silvernail International Paper,Andrew Silvernail,International Paper
Philip Daniele III AutoZone,Philip Daniele III,AutoZone
Ellen Cooper LIncoln National,Ellen Cooper,LIncoln National
Ryan Marshall PulteGroup,Ryan Marshall,PulteGroup
James Cracchiolo Ameriprise Financial,James Cracchiolo,Ameriprise Financial
Andrew Clyde Murphy USA,Andrew Clyde,Murphy USA
Jonas Prising ManpowerGroup,Jonas Prising,ManpowerGroup
David Bozeman CH Robinson Worldwide,David Bozeman,CH Robinson Worldwide
Timothy Knavish PPG Industries,Timothy Knavish,PPG Industries
Pedro Pizarro Edison International,Pedro Pizarro,Edison International
Mark Millett Steel Dynamics,Mark Millett,Steel Dynamics
Benjamin Tisch Loews,Benjamin Tisch,Loews
Karsanbhai Emerson Electric,Karsanbhai,Emerson Electric
John Zillmer Aramark,John Zillmer,Aramark
William Hornbuckle MGM Resorts International,William Hornbuckle,MGM Resorts International
James Burke Vistra,James Burke,Vistra
David Hult Asbury Automotive Group,David Hult,Asbury Automotive Group
DG Macpherson WW Grainger,DG Macpherson,WW Grainger
Eric Slifka Global Partners,Eric Slifka,Global Partners
Bob Pragada Jacobs Solutions,Bob Pragada,Jacobs Solutions
Charles Magro Corteva,Charles Magro,Corteva
Rick Lanoha Peter Kiewit Sons',Rick Lanoha,Peter Kiewit Sons'
Michael Mahoney Boston Scientific,Michael Mahoney,Boston Scientific
Brad Beckham O'Reilly Automotive,Brad Beckham,O'Reilly Automotive
Thomas Bell Leidos,Thomas Bell,Leidos
Thomas Gayner Markel Group,Thomas Gayner,Markel Group
Marc Bitzer Whirlpool,Marc Bitzer,Whirlpool
Andrew McMahon Guardian Life insurance,Andrew McMahon,Guardian Life insurance
Peter Jackson Builders FirstSource,Peter Jackson,Builders FirstSource
Michael Rhodes Ally Financial,Michael Rhodes,Ally Financial
Matthew Meloy Targa Resources,Matthew Meloy,Targa Resources
James Breuer Fluor,James Breuer,Fluor
Sasan Goodarzi Intuit,Sasan Goodarzi,Intuit
Troy Rudd AECOM,Troy Rudd,AECOM
Penny Pennington Edward Jones,Penny Pennington,Edward Jones
Michael Bender Kohl's,Michael Bender,Kohl's
Beth Ford Land O'Lakes,Beth Ford,Land O'Lakes
Deanna Strable-Soethout PrIncipal Financial,Deanna Strable-Soethout,PrIncipal Financial
Robert Blue Dominion Energy,Robert Blue,Dominion Energy
Martin Schroeter Kyndryl,Martin Schroeter,Kyndryl
Jon Vander Ark Republic Services,Jon Vander Ark,Republic Services
Clay Gaspar Devon Energy,Clay Gaspar,Devon Energy
Christopher O'Herlihy Illinois Tool Works,Christopher O'Herlihy,Illinois Tool Works
Michael O'Grady Northern Trust,Michael O'Grady,Northern Trust
Jamie Whisnant Auto-Owners Insurance,Jamie Whisnant,Auto-Owners Insurance
Marc Miller Universal Health Services,Marc Miller,Universal Health Services
Darryl Button Pacific Life,Darryl Button,Pacific Life
Hamid Akhavan EchoStar,Hamid Akhavan,EchoStar
Christophe Beck Ecolab,Christophe Beck,Ecolab
Jack Fusco Cheniere Energy,Jack Fusco,Cheniere Energy
John Wren Omnicom Group,John Wren,Omnicom Group
Haviv Ilan Texas Instruments,Haviv Ilan,Texas Instruments
David Burritt United States Steel,David Burritt,United States Steel
Stéphane de La Faverie Estée Lauder,Stéphane de La Faverie,Estée Lauder
Raul Nicholas Vargas Ochoa Farmers Insurance Exchange,Raul Nicholas Vargas Ochoa,Farmers Insurance Exchange
Kirk Perry Kenvue,Kirk Perry,Kenvue
Ari Bousbib IQVIA,Ari Bousbib,IQVIA
Donald Allan Stanley Black & Decker,Donald Allan,Stanley Black & Decker
Timothy Cofer Keurig Dr Pepper,Timothy Cofer,Keurig Dr Pepper
Matthew Flannery United Rentals,Matthew Flannery,United Rentals
Timothy Cawley Consolidated Edison,Timothy Cawley,Consolidated Edison
Adam Norwitt Amphenol,Adam Norwitt,Amphenol
Brent Shafer Baxter International,Brent Shafer,Baxter International
Kimberly Dang Kinder Morgan,Kimberly Dang,Kinder Morgan
Erik Nordstrom Nordstrom,Erik Nordstrom,Nordstrom
Frank Holding First Citizens BancShares,Frank Holding,First Citizens BancShares
Paul Shoukry Raymond James Financial,Paul Shoukry,Raymond James Financial
Timothy Archer Lam Research,Timothy Archer,Lam Research
Harry Lawton III Tractor Supply,Harry Lawton III,Tractor Supply
Darren Rebelez Caseys General Stores,Darren Rebelez,Caseys General Stores
Scott Smith Viatris,Scott Smith,Viatris
James Blackledge Mutual of Omaha,James Blackledge,Mutual of Omaha
Anthony Guzzi EMCOR Group,Anthony Guzzi,EMCOR Group
Joseph Hinrichs CSX,Joseph Hinrichs,CSX
Justin Jude LKQ,Justin Jude,LKQ
Judith Marks Otis Worldwide,Judith Marks,Otis Worldwide
David Bruton Smith Sonic Automotive,David Bruton Smith,Sonic Automotive
Martina Cheung S&P Global,Martina Cheung,S&P Global
Leonard Schleifer Regeneron Pharmaceuticals,Leonard Schleifer,Regeneron Pharmaceuticals
Joseph Fadool BorgWarner,Joseph Fadool,BorgWarner
Karla Lewis Reliance Inc,Karla Lewis,Reliance Inc
John Barrett Western & Southern Financial,John Barrett,Western & Southern Financial
Scott Donnelly Textron,Scott Donnelly,Textron
Ariane Gorin Expedia,Ariane Gorin,Expedia
Michael Nolan Fidelity National Financial,Michael Nolan,Fidelity National Financial
Ernest Garcia III Carvana,Ernest Garcia III,Carvana
Raul Fernandez DXC Technology,Raul Fernandez,DXC Technology
Robert Berkley WR Berkley,Robert Berkley,WR Berkley
René Jones M&T Bank,René Jones,M&T Bank
Lauren Hobart Dicks Sporting Goods,Lauren Hobart,Dicks Sporting Goods
Robert Frenzel Xcel Energy,Robert Frenzel,Xcel Energy
Timothy Spence Fifth Third Bancorp,Timothy Spence,Fifth Third Bancorp
Stephen Schwarzman Blackstone,Stephen Schwarzman,Blackstone
Walker Martin Sempra,Walker Martin,Sempra
Timothy NeCastro Erie Insurance,Timothy NeCastro,Erie Insurance
Wendell Weeks Corning,Wendell Weeks,Corning
Kathleen Johnson Lumen Technologies,Kathleen Johnson,Lumen Technologies
Brian Tierney FirstEnergy,Brian Tierney,FirstEnergy
Adam Schechter Labcorp Holdings,Adam Schechter,Labcorp Holdings
Tiang Yew Tan Western Digital,Tiang Yew Tan,Western Digital
Rick McKenney Unum Group,Rick McKenney,Unum Group
Javier Rodriguez DaVita,Javier Rodriguez,DaVita
Steven Cahillane Kellanova,Steven Cahillane,Kellanova
Stanley Bergman Henry Schein,Stanley Bergman,Henry Schein
Robert Sanchez Ryder System,Robert Sanchez,Ryder System
Tim Hingtgen Community Health Systems,Tim Hingtgen,Community Health Systems
Avigal Soreq Delek US,Avigal Soreq,Delek US
Gerardo Norcia DTE Energy,Gerardo Norcia,DTE Energy
Mark Pearson Equitable Holdings,Mark Pearson,Equitable Holdings
Lori Koch DuPont,Lori Koch,DuPont
Rich Steinmeier LPL Financial,Rich Steinmeier,LPL Financial
Bruce Van Saun Citizens Financial Group,Bruce Van Saun,Citizens Financial Group
José Mas MasTec,José Mas,MasTec
Andrés Gluski AES,Andrés Gluski,AES
Kevin Kwilinski Berry Global,Kevin Kwilinski,Berry Global
Mark George Norfolk Southern,Mark George,Norfolk Southern
Eduardo Menezes Air Products & Chemicals,Eduardo Menezes,Air Products & Chemicals
Shelley Simpson JB Hunt Transport Services,Shelley Simpson,JB Hunt Transport Services
Daniel Fisher Ball Corporation,Daniel Fisher,Ball Corporation
Sean Connolly Conagra Brands,Sean Connolly,Conagra Brands
Stephen Steinour Huntington Bancshares,Stephen Steinour,Huntington Bancshares
James Snee Hormel Foods,James Snee,Hormel Foods
Joseph Nolan Eversource Energy,Joseph Nolan,Eversource Energy
William Oplinger Alcoa Corporation,William Oplinger,Alcoa Corporation
Andrew Marsh Entergy,Andrew Marsh,Entergy
Keith Demmings Assurant,Keith Demmings,Assurant
Sumit Singh Chewy,Sumit Singh,Chewy
Niraj Shah Wayfair,Niraj Shah,Wayfair
Joseph Ferraro Avis Budget,Joseph Ferraro,Avis Budget
Jeffrey Sprecher Intercontinental Exchange,Jeffrey Sprecher,Intercontinental Exchange
Benito Minicucci Alaska Air,Benito Minicucci,Alaska Air
Malcolm Wilson GXO Logistics,Malcolm Wilson,GXO Logistics
Eric Hansotia AGCO,Eric Hansotia,AGCO
Kathleen Mazzarella Graybar Electric,Kathleen Mazzarella,Graybar Electric
Gavin Hattersley Molson Coors Beverage,Gavin Hattersley,Molson Coors Beverage
Patrick Gallagher Arthur J Gallagher,Patrick Gallagher,Arthur J Gallagher
Christopher Kastner Huntington Ingalls Industries,Christopher Kastner,Huntington Ingalls Industries
Erik Fyrwald International Flavors & Fragrances,Erik Fyrwald,International Flavors & Fragrances
Ricardo Cardenas Darden Restaurants,Ricardo Cardenas,Darden Restaurants
Stephen Spray CIncinnati Financial,Stephen Spray,CIncinnati Financial
Scott Boatwright Chipotle Mexican Grill,Scott Boatwright,Chipotle Mexican Grill
Joey Wat Yum China,Joey Wat,Yum China
Robert Goldstein Las Vegas Sands,Robert Goldstein,Las Vegas Sands
Kecia Steelman Ulta Beauty,Kecia Steelman,Ulta Beauty
Thomas Reeg Caesars Entertainment,Thomas Reeg,Caesars Entertainment
Jon Rousseau BrightSpring Health Services,Jon Rousseau,BrightSpring Health Services
William Krueger The Andersons Inc,William Krueger,The Andersons Inc
Michele Buck Hershey,Michele Buck,Hershey
Christopher Nassetta Hilton Worldwide,Christopher Nassetta,Hilton Worldwide
Bruce Bodine Mosaic,Bruce Bodine,Mosaic
Brian Chesky Airbnb,Brian Chesky,Airbnb
Kaes Van’t Hof Diamondback Energy,Kaes Van’t Hof,Diamondback Energy
Steven Vondran American Tower,Steven Vondran,American Tower
Reshma Kewalramani Vertex Pharmaceuticals,Reshma Kewalramani,Vertex Pharmaceuticals
William McDermott ServiceNow,William McDermott,ServiceNow
Brian Chambers Owens Corning,Brian Chambers,Owens Corning
Teresa Rasmussen Thrivent Financial for Lutherans,Teresa Rasmussen,Thrivent Financial for Lutherans
Shane O'Kelly Advance Auto Parts,Shane O'Kelly,Advance Auto Parts
Douglas Yearley Toll Brothers,Douglas Yearley,Toll Brothers
Jeffrey Lorberbaum Mohawk Industries,Jeffrey Lorberbaum,Mohawk Industries
Gregory Brown Motorola Solutions,Gregory Brown,Motorola Solutions
John Pfeifer Oshkosh Corporation,John Pfeifer,Oshkosh Corporation
Tony Xu DoorDash,Tony Xu,DoorDash
Edward Pesicka Owens & Minor,Edward Pesicka,Owens & Minor
Eugene Bredow NVR Inc,Eugene Bredow,NVR Inc
Philippe Krakowsky Interpublic Group,Philippe Krakowsky,Interpublic Group
Horacio Rozanski Booz Allen Hamilton,Horacio Rozanski,Booz Allen Hamilton
Michael O’Sullivan Burlington Stores,Michael O’Sullivan,Burlington Stores
Daniel Wall Expeditors International of Washington,Daniel Wall,Expeditors International of Washington
Calvin McDonald Lululemon athletica,Calvin McDonald,Lululemon athletica
Stephanie Ferris Fidelity National Information Services,Stephanie Ferris,Fidelity National Information Services
Rich Handler Jefferies Financial,Rich Handler,Jefferies Financial
Alan Armstrong Williams Companies,Alan Armstrong,Williams Companies
Bracken Darrell VF Corporation,Bracken Darrell,VF Corporation
Mikael Bratt Autoliv,Mikael Bratt,Autoliv
Rafael Santana Westinghouse Air Brake Technologies,Rafael Santana,Westinghouse Air Brake Technologies
Ralph LaRossa Public Service Enterprise Group,Ralph LaRossa,Public Service Enterprise Group
Jamie Iannone Ebay,Jamie Iannone,Ebay
Scott Richardson Celanese,Scott Richardson,Celanese
Cameron Bready Global Payments,Cameron Bready,Global Payments
Robert Thomson News Corp,Robert Thomson,News Corp
Robert Martin THOR Industries,Robert Martin,THOR Industries
David Rawlinson II QVC Group,David Rawlinson II,QVC Group
Andrew Teno Icahn Enterprises,Andrew Teno,Icahn Enterprises
William Newlands Constellation Brands,William Newlands,Constellation Brands
James Davis Quest Diagnostics,James Davis,Quest Diagnostics
Richard Wallace KLA,Richard Wallace,KLA
Brad Jacobs QXO Building Products,Brad Jacobs,QXO Building Products
John Christmann IV APA,John Christmann IV,APA
Gregory Roberts A-Mark Precious Metals,Gregory Roberts,A-Mark Precious Metals
Christopher Viehbacher Biogen,Christopher Viehbacher,Biogen
Mick Beekhuizen Campbell Soup,Mick Beekhuizen,Campbell Soup
Christopher Caldwell Concentrix,Christopher Caldwell,Concentrix
Todd Schneider Cintas,Todd Schneider,Cintas
Tony Sarsam SpartanNash,Tony Sarsam,SpartanNash
John Venhuizen Ace Hardware,John Venhuizen,Ace Hardware
Vincent Roche Analog Devices,Vincent Roche,Analog Devices
Mark Costa Eastman Chemical,Mark Costa,Eastman Chemical
Milan Galik Interactive Brokers,Milan Galik,Interactive Brokers
John Turner Regions Financial,John Turner,Regions Financial
Joanna Geraghty JetBlue Airways,Joanna Geraghty,JetBlue Airways
Kristin Peck Zoetis,Kristin Peck,Zoetis
Christopher Gorman KeyCorp,Christopher Gorman,KeyCorp
Mark Bertolini Oscar Health,Mark Bertolini,Oscar Health
Brendan McCracken Ovintiv,Brendan McCracken,Ovintiv
Robert Steer Seaboard,Robert Steer,Seaboard
Gil West Hertz,Gil West,Hertz
Robert Greenberg Skechers USA,Robert Greenberg,Skechers USA
Dennis Mathew Altice USA,Dennis Mathew,Altice USA
Clay Williams NOV,Clay Williams,NOV
Michael Doss Graphic Packaging,Michael Doss,Graphic Packaging
Deon Stander Avery Dennison,Deon Stander,Avery Dennison
Adaire Fox-Martin Equinix,Adaire Fox-Martin,Equinix
Joyce Mullen Insight Enterprises,Joyce Mullen,Insight Enterprises
Jennifer Witz Sirius XM,Jennifer Witz,Sirius XM
Stefan Larsson PVH,Stefan Larsson,PVH
Jason P Wells CenterPoint Energy,Jason P Wells,CenterPoint Energy
Scott Lauber WEC Energy,Scott Lauber,WEC Energy
Matthew Pine Xylem Inc,Matthew Pine,Xylem Inc
Jennifer Johnson Franklin Resources,Jennifer Johnson,Franklin Resources
Vincent Sorgi PPL,Vincent Sorgi,PPL
Carl Eschenbach Workday,Carl Eschenbach,Workday
Richard Tobin Dover Corporation,Richard Tobin,Dover Corporation
Mark Kowlzan Packaging Corp of America,Mark Kowlzan,Packaging Corp of America
Scott Salmirs ABM Industries,Scott Salmirs,ABM Industries
Gary Guthart Intuitive Surgical,Gary Guthart,Intuitive Surgical
Carl Lindner lll American Financial Group,Carl Lindner lll,American Financial Group
Blake Moret Rockwell Automation,Blake Moret,Rockwell Automation
Bryan Hanson Solventum,Bryan Hanson,Solventum
Craig Smiddy Old Republic International,Craig Smiddy,Old Republic International
Christopher Hilger Securian Financial,Christopher Hilger,Securian Financial
Hamid Moghadam Prologis,Hamid Moghadam,Prologis
Mark Smucker JM Smucker,Mark Smucker,JM Smucker
Sheryl Palmer Taylor Morrison Home,Sheryl Palmer,Taylor Morrison Home
Mario Harik XPO,Mario Harik,XPO
Heather Lavallee Voya Financial,Heather Lavallee,Voya Financial
Nikesh Arora Palo Alto Networks,Nikesh Arora,Palo Alto Networks
Giordano Albertazzi Vertiv,Giordano Albertazzi,Vertiv
Shankh Mitra Welltower,Shankh Mitra,Welltower
Mary Dillon Foot Locker,Mary Dillon,Foot Locker
William Monteleone Par Pacific,William Monteleone,Par Pacific
Kevin Stein TransDigm,Kevin Stein,TransDigm
Peter Matt Commercial Metals,Peter Matt,Commercial Metals
Rob Vitale Post Holdings,Rob Vitale,Post Holdings
Keith Allman Masco,Keith Allman,Masco
Rusty Rush Rush Enterprises,Rusty Rush,Rush Enterprises
Stuart Bradie KBR,Stuart Bradie,KBR
Jack Sinclair Sprouts Farmers Market,Jack Sinclair,Sprouts Farmers Market
Laura Alber Williams-Sonoma,Laura Alber,Williams-Sonoma
Ivan Tornos Zimmer Biomet,Ivan Tornos,Zimmer Biomet
John Mengucci CACI International,John Mengucci,CACI International
Steve Sanghi Microchip Technology,Steve Sanghi,Microchip Technology
Albert Nahmad Watsco,Albert Nahmad,Watsco
Christopher Peterson Newell Brands,Christopher Peterson,Newell Brands
Arie Kotler ARKO,Arie Kotler,ARKO
Jure Sola Sanmina,Jure Sola,Sanmina
Andrew Wilson Electronic Arts,Andrew Wilson,Electronic Arts
David Gibbs Yum Brands,David Gibbs,Yum Brands
Daniel Florness Fastenal,Daniel Florness,Fastenal
Garrick Rochow CMS Energy,Garrick Rochow,CMS Energy
Rodney Sacks Monster Beverage,Rodney Sacks,Monster Beverage
Mark Shapiro Endeavor Group Holdings,Mark Shapiro,Endeavor Group Holdings
Toni Townes-Whitley Science Applications International,Toni Townes-Whitley,Science Applications International
Mark Witkowski Core & Main,Mark Witkowski,Core & Main
John Plant Howmet Aerospace,John Plant,Howmet Aerospace
James Zallie Ingredion,James Zallie,Ingredion
Thomas Hill Vulcan Materials,Thomas Hill,Vulcan Materials
Donald Zurbay Patterson Companies Inc,Donald Zurbay,Patterson Companies Inc
Anthony Smurfit Smurfit Westrock,Anthony Smurfit,Smurfit Westrock
Richard P Dealy Pioneer Natural Resources,Richard P Dealy,Pioneer Natural Resources
Derek Chang Liberty Media,Derek Chang,Liberty Media
Timothy J Donahue Crown Holdings,Timothy J Donahue,Crown Holdings
R Bruce McDonald Dana Incorporated,R Bruce McDonald,Dana Incorporated
J Kent Masters Albemarle Corporation,J Kent Masters,Albemarle Corporation
Malcolm C Roberts FM Global,Malcolm C Roberts,FM Global
Mike Speetzen Polaris Inc,Mike Speetzen,Polaris Inc
Bob Flexon UGI Utilities Inc,Bob Flexon,UGI Utilities Inc
Robert D Lawler Continental Resources,Robert D Lawler,Continental Resources
Domenic Dell’Osso Jr Expand Energy Corporation,Domenic Dell’Osso Jr,Expand Energy Corporation
H Michael Krimbill NGL Energy Partners,H Michael Krimbill,NGL Energy Partners
Hassane El-Khoury ON Semiconductor,Hassane El-Khoury,ON Semiconductor
Joseph M Otting Flagstar Financial,Joseph M Otting,Flagstar Financial
Gerry P Smith ODP Business Solutions,Gerry P Smith,ODP Business Solutions
Devin Stockfish Weyerhaeuser,Devin Stockfish,Weyerhaeuser
Thomas J McInerney Genworth Financial,Thomas J McInerney,Genworth Financial
Daniel Heaf Bath & Body Works,Daniel Heaf,Bath & Body Works
Linda Rendle Clorox,Linda Rendle,Clorox
Frank C Sullivan RPM International,Frank C Sullivan,RPM International
Matthew Missad UFP Industries,Matthew Missad,UFP Industries
Martin J Lyons Ameren,Martin J Lyons,Ameren
Adam W Miller Knight Swift Transportation,Adam W Miller,Knight Swift Transportation
Charles Liang Super Micro Computer,Charles Liang,Super Micro Computer
Gordon J Hardie O-I Glass,Gordon J Hardie,O-I Glass
Steve Henry Domtar,Steve Henry,Domtar
Chuck Treadway CommScope,Chuck Treadway,CommScope
Steven J Moskowitz Crown Castle,Steven J Moskowitz,Crown Castle
Emmanuel Ligner Avantor,Emmanuel Ligner,Avantor
Carrie Wheeler Opendoor Technologies,Carrie Wheeler,Opendoor Technologies
Russell Becker APi Group,Russell Becker,APi Group
Toby Rice EQT,Toby Rice,EQT
Jesse Arenivas EnLink Midstream,Jesse Arenivas,EnLink Midstream
Steven Bandrowczak Xerox,Steven Bandrowczak,Xerox
Vicente Reynal Ingersoll Rand,Vicente Reynal,Ingersoll Rand
William T Dillard II Dillards,William T Dillard II,Dillards
C Howard Nye Martin Marietta Materials,C Howard Nye,Martin Marietta Materials
Giordano Albertazzi Vertiv,Giordano Albertazzi,Vertiv
Stephane Bancel Moderna,Stephane Bancel,Moderna
Nate R Jorgensen Boise Cascade,Nate R Jorgensen,Boise Cascade
Padraig McDonnell Agilent Technologies,Padraig McDonnell,Agilent Technologies
Kenneth T Lane Olin,Kenneth T Lane,Olin
Randall C Stuewe Darling Ingredients,Randall C Stuewe,Darling Ingredients
R Howard Coker Sonoco Products,R Howard Coker,Sonoco Products
Lee M Tillman Marathon Oil,Lee M Tillman,Marathon Oil
Mark Hoplamazian Hyatt Hotels,Mark Hoplamazian,Hyatt Hotels
David S Chernow Select Medical Holdings,David S Chernow,Select Medical Holdings
Brendan M Foley McCormick & Company,Brendan M Foley,McCormick & Company
Joanne Crevoiserat Tapestry,Joanne Crevoiserat,Tapestry
W Anthony Will CF Industries,W Anthony Will,CF Industries
David A Zapico Ametek,David A Zapico,Ametek
Craig Billings Wynn Resorts,Craig Billings,Wynn Resorts
Giel Rutten Amkor Technology,Giel Rutten,Amkor Technology
Paul Sarvadi Insperity,Paul Sarvadi,Insperity
Rob Sharps T Rowe Price,Rob Sharps,T Rowe Price
Patrice Louvet Ralph Lauren,Patrice Louvet,Ralph Lauren
Jeffrey Mezger KB Home,Jeffrey Mezger,KB Home
David M Foulkes Brunswick,David M Foulkes,Brunswick
M Keith Waddell Robert Half,M Keith Waddell,Robert Half
Jay Snowden PENN Entertainment,Jay Snowden,PENN Entertainment
George Kurian NetApp,George Kurian,NetApp
Kevin Ali Organon,Kevin Ali,Organon
Joel D Anderson Petco Health and Wellness,Joel D Anderson,Petco Health and Wellness
Louis V Pinkham Regal Rexnord,Louis V Pinkham,Regal Rexnord
Jay Geldmacher Resideo Technologies,Jay Geldmacher,Resideo Technologies
Marcus Lemonis Camping World,Marcus Lemonis,Camping World
Peter R Huntsman Huntsman,Peter R Huntsman,Huntsman
Hillary Super Victorias Secret,Hillary Super,Victorias Secret
Michelle Gass Levi Strauss,Michelle Gass,Levi Strauss
Neil Hunn Roper Technologies,Neil Hunn,Roper Technologies
Steven P Lawrence Academy Sports and Outdoors,Steven P Lawrence,Academy Sports and Outdoors
Phillippe Lord Meritage Homes,Phillippe Lord,Meritage Homes
David C Dauch American Axle & Manufacturing,David C Dauch,American Axle & Manufacturing
Olumide Soroye Fortive,Olumide Soroye,Fortive
Adena Friedman Nasdaq Inc,Adena Friedman,Nasdaq Inc
Tim Gokey Broadridge Financial Solutions,Tim Gokey,Broadridge Financial Solutions
Patrick M Shanahan Spirit AeroSystems,Patrick M Shanahan,Spirit AeroSystems
Robert Kyncl Warner Music Group,Robert Kyncl,Warner Music Group
Denise Dignam Chemours,Denise Dignam,Chemours
Jim DeVries ADT,Jim DeVries,ADT
Bernard Zovighian Edwards Lifesciences,Bernard Zovighian,Edwards Lifesciences
Mark E Seaton First American Financial,Mark E Seaton,First American Financial
John C Roche Hanover Insurance Group,John C Roche,Hanover Insurance Group
Adam J Greenlee Silgan,Adam J Greenlee,Silgan
Jayne Hrdlicka Endeavor Group,Jayne Hrdlicka,Endeavor Group
Robert Fauber Moodys Corporation,Robert Fauber,Moodys Corporation
Thomas E Jorden Coterra Energy,Thomas E Jorden,Coterra Energy
Eugene A Hall Gartner,Eugene A Hall,Gartner
Kevin Plank Under Armour,Kevin Plank,Under Armour
James W Lanning Ingles Markets,James W Lanning,Ingles Markets
Matthew T Farrell Church & Dwight,Matthew T Farrell,Church & Dwight
Kevin M Freeman Old Dominion Freight Line,Kevin M Freeman,Old Dominion Freight Line
Joe Shoen U-Haul,Joe Shoen,U-Haul
Jayshree Ullal Arista Networks,Jayshree Ullal,Arista Networks
Sassine Ghazi Synopsys,Sassine Ghazi,Synopsys
Jochen Zeitz Harley-Davidson,Jochen Zeitz,Harley-Davidson
Nick Jeffery Frontier Communications,Nick Jeffery,Frontier Communications
Thomas Edward McCormick Primoris Services,Thomas Edward McCormick,Primoris Services
D Christian Koch Carlisle Companies,D Christian Koch,Carlisle Companies
David E Simon Simon Property Group,David E Simon,Simon Property Group
Stephen Bratspies Hanesbrands,Stephen Bratspies,Hanesbrands
Ryan M. Schneider Anywhere Real Estate Inc,Ryan M. Schneider,Anywhere Real Estate Inc
George Bobb III Teledyne Technologies,George Bobb III,Teledyne Technologies
Terrence A Duffy CME Group,Terrence A Duffy,CME Group
Rami Rahim Juniper Networks,Rami Rahim,Juniper Networks
Sue Nabi Coty,Sue Nabi,Coty
Peter D Arvan Pool Corporation,Peter D Arvan,Pool Corporation
David Campbell Evergy,David Campbell,Evergy
Matthew J Murphy Marvell Technology,Matthew J Murphy,Marvell Technology
Lloyd Yates NiSource,Lloyd Yates,NiSource
William C Stone SS&C Technologies,William C Stone,SS&C Technologies
Mark Rourke Schneider National,Mark Rourke,Schneider National
Andrew Anagnost Autodesk,Andrew Anagnost,Autodesk
Dustin Semach Sealed Air Corporation,Dustin Semach,Sealed Air Corporation
William L Meaney Iron Mountain,William L Meaney,Iron Mountain
Andy P Power Digital Realty Trust,Andy P Power,Digital Realty Trust
Satish Dhanasekaran Keysight Technologies,Satish Dhanasekaran,Keysight Technologies
Frank M Svoboda Globe Life,Frank M Svoboda,Globe Life
Carey A Smith Parsons Corporation,Carey A Smith,Parsons Corporation
Ynon Kreiz Mattel,Ynon Kreiz,Mattel
Karen S Haller Southwest Gas Holdings,Karen S Haller,Southwest Gas Holdings
Terrance Williams TruStage,Terrance Williams,TruStage
Eric W Gerstenberg Clean Harbors,Eric W Gerstenberg,Clean Harbors
Gunner Smith Cornerstone Building Brands,Gunner Smith,Cornerstone Building Brands
Gerben W Bakker Hubbell,Gerben W Bakker,Hubbell
Dave Davis Spirit Airlines,Dave Davis,Spirit Airlines
Michael J Smith Lamb Weston,Michael J Smith,Lamb Weston
Strauss Zelnick Take-Two Interactive Software,Strauss Zelnick,Take-Two Interactive Software
John C Turner Jr GMS,John C Turner Jr,GMS
David M O'Malley Penn Mutual Life Insurance,David M O'Malley,Penn Mutual Life Insurance
Frank A Lonegro Landstar System,Frank A Lonegro,Landstar System
James F Risoleo Host Hotels & Resorts,James F Risoleo,Host Hotels & Resorts
Ken Xie Fortinet,Ken Xie,Fortinet
Doug Shulman OneMain,Doug Shulman,OneMain
Ryan Cohen GameStop,Ryan Cohen,GameStop
Mark W Begor Equifax,Mark W Begor,Equifax
Jay L Schottenstein American Eagle Outfitters,Jay L Schottenstein,American Eagle Outfitters
Curtis C Farmer Comerica,Curtis C Farmer,Comerica
Ole Rosgaard Greif,Ole Rosgaard,Greif
Brian E Lane Comfort Systems USA,Brian E Lane,Comfort Systems USA
Robert M Buck TopBuild,Robert M Buck,TopBuild
Ralph Andretta Bread Financial,Ralph Andretta,Bread Financial
Jim Anderson Coherent,Jim Anderson,Coherent
Walter C. D. Carlson Telephone & Data Systems,Walter C. D. Carlson,Telephone & Data Systems
Ronald Kruszewski Stifel Financial,Ronald Kruszewski,Stifel Financial
Richard Hayne Urban Outfitters,Richard Hayne,Urban Outfitters
Simon Meester Terex,Simon Meester,Terex
Edward J Lehner Ryerson Holding,Edward J Lehner,Ryerson Holding
Nicholas T Pinchuk Snap-on,Nicholas T Pinchuk,Snap-on
Ryals McMullian Flowers Foods,Ryals McMullian,Flowers Foods
D Bryan Jordan First Horizon,D Bryan Jordan,First Horizon
John B Gibson Paychex,John B Gibson,Paychex
Chris Cocks Hasbro,Chris Cocks,Hasbro
Pete McPartland Sentry Insurance Group,Pete McPartland,Sentry Insurance Group
Michael Arougheti Ares Management,Michael Arougheti,Ares Management
Alok Maskara Lennox International,Alok Maskara,Lennox International
James C Grech Peabody Energy,James C Grech,Peabody Energy
Joseph P Lacher Jr Kemper,Joseph P Lacher Jr,Kemper
Perry A Sook Nexstar Media Group,Perry A Sook,Nexstar Media Group
Wade Davis TelevisaUnivision,Wade Davis,TelevisaUnivision
Scott L Thompson Tempur Sealy International,Scott L Thompson,Tempur Sealy International
Mike Simonds TriNet Group,Mike Simonds,TriNet Group
B Andrew Rose Worthington Enterprises,B Andrew Rose,Worthington Enterprises
Bruce L Caswell Maximus,Bruce L Caswell,Maximus
Robert L Reffkin Compass Group,Robert L Reffkin,Compass Group
Mark Eubanks Brinks Company,Mark Eubanks,Brinks Company
Peter Quigley Kelly Services Inc,Peter Quigley,Kelly Services Inc
David L Yowan Navient,David L Yowan,Navient
Mary E Kipp Puget Sound Energy,Mary E Kipp,Puget Sound Energy
Adam Aron AMC Entertainment,Adam Aron,AMC Entertainment
Mark J Tarr Encompass Health,Mark J Tarr,Encompass Health
Liam K Griffin Skyworks Solutions,Liam K Griffin,Skyworks Solutions
Richard G Kyle Timken,Richard G Kyle,Timken
Ron Gusek Liberty Energy,Ron Gusek,Liberty Energy
John E Geller Jr Marriott Vacations Worldwide,John E Geller Jr,Marriott Vacations Worldwide
Karl G. Glassman Leggett & Platt,Karl G. Glassman,Leggett & Platt
Jonathan H Weis Weis Markets,Jonathan H Weis,Weis Markets
Jeffrey B Guldner Pinnacle West Capital,Jeffrey B Guldner,Pinnacle West Capital
Arkadiy Dobkin EPAM Systems,Arkadiy Dobkin,EPAM Systems
Paul M Rady Antero Resources,Paul M Rady,Antero Resources
Michael Spanos Bloomin Brands,Michael Spanos,Bloomin Brands
Nicole A Kivisto MDU Resources Group,Nicole A Kivisto,MDU Resources Group
Gerald L Morgan Texas Roadhouse,Gerald L Morgan,Texas Roadhouse
Gabriel Tirador Mercury General,Gabriel Tirador,Mercury General
Nicholas I Fink Fortune Brands Innovations,Nicholas I Fink,Fortune Brands Innovations
Paul E Burdiss Zions Bancorp,Paul E Burdiss,Zions Bancorp
William J Christensen JELD-WEN Holding,William J Christensen,JELD-WEN Holding
Evan Spiegel Snap Inc,Evan Spiegel,Snap Inc
Bill Burns Zebra Technologies,Bill Burns,Zebra Technologies
Steven Sell Agilon Health,Steven Sell,Agilon Health
Richard M Olson Toro Company,Richard M Olson,Toro Company
Eric S Yuan Zoom Video Communications,Eric S Yuan,Zoom Video Communications
Dan L Batrack Tetra Tech,Dan L Batrack,Tetra Tech
Joseph D Russell Jr Public Storage,Joseph D Russell Jr,Public Storage
Jacob Thaysen Illumina Inc,Jacob Thaysen,Illumina Inc
Debra A Cafaro Ventas Inc,Debra A Cafaro,Ventas Inc
Pierre R Brondeau FMC Corporation,Pierre R Brondeau,FMC Corporation
Judy R McReynolds ArcBest,Judy R McReynolds,ArcBest
Russell J Weiner Dominos Pizza Inc,Russell J Weiner,Dominos Pizza Inc
Theodore S Hanson ASGN,Theodore S Hanson,ASGN
RJ Scaringe Rivian Automotive,RJ Scaringe,Rivian Automotive
Jeffrey N Simmons Elanco Animal Health,Jeffrey N Simmons,Elanco Animal Health
Tim O Shaughnessy Graham Holdings Company,Tim O Shaughnessy,Graham Holdings Company
Thomas V Taylor Floor & Decor,Thomas V Taylor,Floor & Decor
Neil A Schrimsher Applied Industrial Technologies,Neil A Schrimsher,Applied Industrial Technologies
Robert E Price PriceSmart,Robert E Price,PriceSmart
John David Risher Lyft,John David Risher,Lyft
Gary B Smith Ciena,Gary B Smith,Ciena
Joey Levin IAC,Joey Levin,IAC
Jim Jacobs Country Financial,Jim Jacobs,Country Financial
Devin B McGranahan Western Union,Devin B McGranahan,Western Union
R Scott Rowe Flowserve,R Scott Rowe,Flowserve
Kenneth A Vecchione Western Alliance Bancorp,Kenneth A Vecchione,Western Alliance Bancorp
John C Rademacher Option Care Health,John C Rademacher,Option Care Health
Doug Black SiteOne Landscape Supply,Doug Black,SiteOne Landscape Supply
Oliver G Brewer III Topgolf Callaway Brands,Oliver G Brewer III,Topgolf Callaway Brands
Glenn Sanford eXp World,Glenn Sanford,eXp World
Fran Horowitz Abercrombie & Fitch,Fran Horowitz,Abercrombie & Fitch
Kevin Akers Atmos Energy,Kevin Akers,Atmos Energy
Alessandro Maselli Catalent,Alessandro Maselli,Catalent
J Powell Brown Brown & Brown,J Powell Brown,Brown & Brown
Aman Bhutani GoDaddy,Aman Bhutani,GoDaddy
John C. Griffith American Water Works,John C. Griffith,American Water Works
John J Marchioni Selective Insurance Group,John J Marchioni,Selective Insurance Group
Lawson E Whiting Brown-Forman,Lawson E Whiting,Brown-Forman
Dave Peacock Advantage Solutions,Dave Peacock,Advantage Solutions
Mick Farrell ResMed,Mick Farrell,ResMed
Kamal Hathi Splunk,Kamal Hathi,Splunk
Todd Kelsey Plexus,Todd Kelsey,Plexus
Phillip D Yeager Hub Group,Phillip D Yeager,Hub Group
Steven B Hedlund Lincoln Electric,Steven B Hedlund,Lincoln Electric
Timothy C Oliver NCR Atleos,Timothy C Oliver,NCR Atleos
Bruce Fleming Calumet,Bruce Fleming,Calumet
Daniel S. Peyovich Dycom Industries,Daniel S. Peyovich,Dycom Industries
Avner M Applbaum Valmont Industries,Avner M Applbaum,Valmont Industries
Kimberly A Fields ATI Inc,Kimberly A Fields,ATI Inc
Khozema Z Shipchandler Twilio,Khozema Z Shipchandler,Twilio
Gary C Bhojwani CNO Financial Group,Gary C Bhojwani,CNO Financial Group
William Andrew Hendricks Jr Patterson-UTI Energy,William Andrew Hendricks Jr,Patterson-UTI Energy
Kevin D Hochman Brinker International,Kevin D Hochman,Brinker International
James C Foster Charles River Laboratories International,James C Foster,Charles River Laboratories International
Rajiv K Prasad Hyster-Yale,Rajiv K Prasad,Hyster-Yale
Eric T Steigerwalt Brighthouse Financial,Eric T Steigerwalt,Brighthouse Financial
Thomas L Ryan Service Corp International,Thomas L Ryan,Service Corp International
Charles M Nifong Jr CrossAmerica Partners,Charles M Nifong Jr,CrossAmerica Partners
Anirudh Devgan Cadence,Anirudh Devgan,Cadence
Andi Owen MillerKnoll,Andi Owen,MillerKnoll
Sumit Roy Realty Income,Sumit Roy,Realty Income
Timothy John Fitzgerald Middleby,Timothy John Fitzgerald,Middleby
Robert H Schottenstein M/I Homes,Robert H Schottenstein,M/I Homes
Stephen P MacMillan Hologic,Stephen P MacMillan,Hologic
Lisa M Barton Alliant Energy,Lisa M Barton,Alliant Energy
Aaron P Jagdfeld Generac,Aaron P Jagdfeld,Generac
Erik Gershwind MSC Industrial Direct,Erik Gershwind,MSC Industrial Direct
Varun Krishna Rocket Companies,Varun Krishna,Rocket Companies
Fahmi Karam Upbound Group,Fahmi Karam,Upbound Group
NADominic Ng East West Bancorp,NADominic Ng,East West Bancorp
Mark Wang Hilton Grand Vacations,Mark Wang,Hilton Grand Vacations
Robert J Sheedy Jr Grocery Outlet Holding,Robert J Sheedy Jr,Grocery Outlet Holding
Simon D Campion Dentsply Sirona,Simon D Campion,Dentsply Sirona
Jeremy Wensinger V2X,Jeremy Wensinger,V2X
Andrew Rees Crocs,Andrew Rees,Crocs
David M Maura Spectrum Brands,David M Maura,Spectrum Brands
Sachin S Lawande Visteon,Sachin S Lawande,Visteon
Neil M Ashe Acuity Inc,Neil M Ashe,Acuity Inc
Lorie L Tekorius Greenbrier,Lorie L Tekorius,Greenbrier
John R Ciulla Webster Financial,John R Ciulla,Webster Financial
Sean D Keohane Cabot Corporation,Sean D Keohane,Cabot Corporation
Drew M Wilkerson RXO Inc,Drew M Wilkerson,RXO Inc
Daniel E Brown Chord Energy,Daniel E Brown,Chord Energy
Javier D Ferrer Fernandez Popular Inc,Javier D Ferrer Fernandez,Popular Inc
Olivier Rabiller Garrett Motion Inc,Olivier Rabiller,Garrett Motion Inc
Ronald N Tutor Tutor Perini Corporation,Ronald N Tutor,Tutor Perini Corporation
Jeff Liaw Copart,Jeff Liaw,Copart
Aman Narang Toast Inc,Aman Narang,Toast Inc
Joseph M Hogan Align Technology,Joseph M Hogan,Align Technology
Kevin J Wheeler A O Smith,Kevin J Wheeler,A O Smith
Christopher A Cartwright TransUnion,Christopher A Cartwright,TransUnion
James Kelly NCR Voyix,James Kelly,NCR Voyix
Tom Leighton Akamai Technologies,Tom Leighton,Akamai Technologies
Robert G Painter Trimble,Robert G Painter,Trimble
Tony Helton Medical Mutual of Ohio,Tony Helton,Medical Mutual of Ohio
Caroline S Grace AMN Healthcare Services,Caroline S Grace,AMN Healthcare Services
Patrick Kaltenbach Mettler-Toledo International,Patrick Kaltenbach,Mettler-Toledo International
Michael L Baur ScanSource,Michael L Baur,ScanSource
Jason Lippert LCI Industries,Jason Lippert,LCI Industries
Fredric J Tomczyk Cboe Global Markets,Fredric J Tomczyk,Cboe Global Markets
Octavio Marquez Diebold Nixdorf,Octavio Marquez,Diebold Nixdorf
Sivasankaran Somasundaram ChampionX,Sivasankaran Somasundaram,ChampionX
Ronald F Clarke Corpay,Ronald F Clarke,Corpay
Robert W Pittman iHeartMedia,Robert W Pittman,iHeartMedia
Patrick Zalupski Dream Finders Homes,Patrick Zalupski,Dream Finders Homes
Keith E Smith Boyd Gaming,Keith E Smith,Boyd Gaming
Mehran Assadi NLV Financial,Mehran Assadi,NLV Financial
Barry R Port Ensign Group,Barry R Port,Ensign Group
Denise A Paulonis Sally Beauty,Denise A Paulonis,Sally Beauty
Clifford A Skelton Conduent,Clifford A Skelton,Conduent
Jean-Michel Ribieras Sylvamo,Jean-Michel Ribieras,Sylvamo
Douglas F Bauer Tri Pointe Homes,Douglas F Bauer,Tri Pointe Homes
Shawn O'Connell EnerSys,Shawn O'Connell,EnerSys
Bill Meury Incyte,Bill Meury,Incyte
Dale Francescon Century Communities,Dale Francescon,Century Communities
Michael Nierenberg Rithm Capital,Michael Nierenberg,Rithm Capital
Michael J Brown Euronet Worldwide,Michael J Brown,Euronet Worldwide
Scott Seu Hawaiian Electric Industries,Scott Seu,Hawaiian Electric Industries
Jason D Robins DraftKings,Jason D Robins,DraftKings
Jonathan J Mazelsky IDEXX Laboratories,Jonathan J Mazelsky,IDEXX Laboratories
Richard S Swartz MYR Group,Richard S Swartz,MYR Group
Stefano Caroti Deckers Outdoor,Stefano Caroti,Deckers Outdoor
Kevin R Sayer DexCom,Kevin R Sayer,DexCom
John T C Lee MKS Instruments,John T C Lee,MKS Instruments
Edward B Pitoniak VICI Properties,Edward B Pitoniak,VICI Properties
Albert White III Cooper Cos,Albert White III,Cooper Cos
Barry L Biffle Frontier Airlines,Barry L Biffle,Frontier Airlines
Robert A Bruggeworth Qorvo,Robert A Bruggeworth,Qorvo
Winnie Park Five Below,Winnie Park,Five Below
Steven Oakland TreeHouse Foods,Steven Oakland,TreeHouse Foods
James S Hagedorn Scotts Miracle-Gro,James S Hagedorn,Scotts Miracle-Gro
Michael Cannon-Brookes Atlassian,Michael Cannon-Brookes,Atlassian
Bertrand Loy Entegris,Bertrand Loy,Entegris
William E Waltz Atkore,William E Waltz,Atkore
Celeste B Mastin HB Fuller,Celeste B Mastin,HB Fuller
Kyle T Larkin Granite Construction,Kyle T Larkin,Granite Construction
Michael J Happe Winnebago Industries,Michael J Happe,Winnebago Industries
Steven H Gunby FTI Consulting,Steven H Gunby,FTI Consulting
Stephan B Tanda AptarGroup,Stephan B Tanda,AptarGroup
Timothy P Boyle Columbia Sportswear,Timothy P Boyle,Columbia Sportswear
Anthony J Wood Roku,Anthony J Wood,Roku
M Christopher Doyle Civitas Resources,M Christopher Doyle,Civitas Resources
Andy Eidson Alpha Metallurgical Resources,Andy Eidson,Alpha Metallurgical Resources
Andy L Nemeth Patrick Industries,Andy L Nemeth,Patrick Industries
Roger W Jenkins Murphy Oil,Roger W Jenkins,Murphy Oil
Kevin S Blair Synovus Financial,Kevin S Blair,Synovus Financial
Julie Felss Masino Cracker Barrel Old Country Store,Julie Felss Masino,Cracker Barrel Old Country Store
David M Overton Cheesecake Factory,David M Overton,Cheesecake Factory
Nick DeIuliis CNX Resources,Nick DeIuliis,CNX Resources
Christopher Pappas Chefs Warehouse,Christopher Pappas,Chefs Warehouse
Tod Carpenter Donaldson Company,Tod Carpenter,Donaldson Company
Gregory L Christopher Mueller Industries,Gregory L Christopher,Mueller Industries
Rob Saltiel MRC Global,Rob Saltiel,MRC Global
Jillian C Evanko Chart Industries,Jillian C Evanko,Chart Industries
Dave Guilmette Alight Solutions,Dave Guilmette,Alight Solutions
Joel Smejkal Vishay Intertechnology,Joel Smejkal,Vishay Intertechnology
Dennis Degner Range Resources,Dennis Degner,Range Resources
Ira D Robbins Valley National Bancorp,Ira D Robbins,Valley National Bancorp
Bernard Kim Match Group,Bernard Kim,Match Group
Vincent Pilette Gen Digital,Vincent Pilette,Gen Digital
Timothy S Crane Wintrust Financial,Timothy S Crane,Wintrust Financial
Pat Roche Moog Inc,Pat Roche,Moog Inc
Mark R Widmar First Solar,Mark R Widmar,First Solar
Niko Lahanas Central Garden & Pet,Niko Lahanas,Central Garden & Pet
Chris Osowski Green Plains Inc,Chris Osowski,Green Plains Inc
Derek J Leathers Werner Enterprises,Derek J Leathers,Werner Enterprises
Adam Foroughi AppLovin,Adam Foroughi,AppLovin
Luca Savi ITT,Luca Savi,ITT
Lawrence H Silber Herc Rentals,Lawrence H Silber,Herc Rentals
Hilton H Howell Jr Gray Television,Hilton H Howell Jr,Gray Television
Eric D Ashleman IDEX,Eric D Ashleman,IDEX
Owen D Thomas Boston Properties,Owen D Thomas,Boston Properties
Kurt Wolf Pitney Bowes,Kurt Wolf,Pitney Bowes
Sara E Armbruster Steelcase,Sara E Armbruster,Steelcase
Charles D. Young Sun Communities,Charles D. Young,Sun Communities
Suzanne Foster AdaptHealth,Suzanne Foster,AdaptHealth
Grant E Sims Genesis Energy,Grant E Sims,Genesis Energy
Laura Prieskorn Jackson Financial,Laura Prieskorn,Jackson Financial
Rick L Wessel FirstCash,Rick L Wessel,FirstCash
Sherman Miller Cal-Maine Foods,Sherman Miller,Cal-Maine Foods
Paul A Lang Arch Resources,Paul A Lang,Arch Resources
Ashish K Khandpur Avient,Ashish K Khandpur,Avient
Shyam K Reddy BlueLinx,Shyam K Reddy,BlueLinx
Christopher S Ripley Sinclair,Christopher S Ripley,Sinclair
Stacy Kymes BOK Financial,Stacy Kymes,BOK Financial
James H Walter Permian Resources,James H Walter,Permian Resources
Jason Murray PACS Group,Jason Murray,PACS Group
Brian Armstrong Coinbase Global,Brian Armstrong,Coinbase Global
Oscar K Brown Western Midstream Partners,Oscar K Brown,Western Midstream Partners
Nicholas R Lower Federated Mutual Insurance,Nicholas R Lower,Federated Mutual Insurance
Morris Goldfarb G-III Apparel Group,Morris Goldfarb,G-III Apparel Group
Mark D Morelli Vontier,Mark D Morelli,Vontier
Matthew J Cox Matson Inc,Matthew J Cox,Matson Inc
David W Grzebinski Kirby Corporation,David W Grzebinski,Kirby Corporation
Keith A Harvey Kaiser Aluminum,Keith A Harvey,Kaiser Aluminum
Eric Nyman Vista Outdoor,Eric Nyman,Vista Outdoor
Doug Howe Designer Brands,Doug Howe,Designer Brands
Jerry E Gahlhoff Jr Rollins Inc,Jerry E Gahlhoff Jr,Rollins Inc
D Scott Barbour Advanced Drainage Systems,D Scott Barbour,Advanced Drainage Systems
Sean Gamble Cinemark,Sean Gamble,Cinemark
George Kurtz CrowdStrike,George Kurtz,CrowdStrike
Bill Ready Pinterest,Bill Ready,Pinterest
Fidji Simo Instacart,Fidji Simo,Instacart
Kimberly K Ryan Hillenbrand,Kimberly K Ryan,Hillenbrand
David S Graziosi Allison Transmission,David S Graziosi,Allison Transmission
Gary G Friedman Restoration Hardware,Gary G Friedman,Restoration Hardware
Lucinda M Baier Brookdale Senior Living,Lucinda M Baier,Brookdale Senior Living
Brian J Blaser QuidelOrtho,Brian J Blaser,QuidelOrtho
E Jean Savage Trinity Industries,E Jean Savage,Trinity Industries
Liam J Kelly Teleflex,Liam J Kelly,Teleflex
Laurans A Mendelson HEICO,Laurans A Mendelson,HEICO
Frank H Laukien Bruker,Frank H Laukien,Bruker
Harvey M Schwartz Carlyle Group,Harvey M Schwartz,Carlyle Group
Mark S LaVigne Energizer Holdings,Mark S LaVigne,Energizer Holdings
Amar Maletira Rackspace Technology,Amar Maletira,Rackspace Technology
Udit Batra Waters Corporation,Udit Batra,Waters Corporation
Eric M Green West Pharmaceutical Services,Eric M Green,West Pharmaceutical Services
Doug Palladini Carters Inc,Doug Palladini,Carters Inc
G Mike Mikan NeueHealth,G Mike Mikan,NeueHealth
Russell Chip Childs SkyWest,Russell Chip Childs,SkyWest
Christopher H Hunter Acadia Healthcare,Christopher H Hunter,Acadia Healthcare
Prahlad Singh Revvity,Prahlad Singh,Revvity
Maria M Pope Portland General Electric,Maria M Pope,Portland General Electric
Charles Chip Blankenship Woodward Inc,Charles Chip Blankenship,Woodward Inc
Mike Steib TEGNA,Mike Steib,TEGNA
Kurt J Ekert Sabre Corporation,Kurt J Ekert,Sabre Corporation
Matt Wilson Light & Wonder,Matt Wilson,Light & Wonder
Rob Katz Vail Resorts,Rob Katz,Vail Resorts
Schnitzer Steel Industries Radius Recycling,Schnitzer Steel Industries,Radius Recycling
David A Spector PennyMac Financial Services,David A Spector,PennyMac Financial Services
Frederick J Holzgrefe III Saia Inc,Frederick J Holzgrefe III,Saia Inc
Mark J Parrell Equity Residential,Mark J Parrell,Equity Residential
John W Lindsay Helmerich & Payne,John W Lindsay,Helmerich & Payne
Gary D Burnison Korn Ferry,Gary D Burnison,Korn Ferry
Timothy J McGrath PC Connection Inc,Timothy J McGrath,PC Connection Inc
Lynn M Bamford Curtiss-Wright,Lynn M Bamford,Curtiss-Wright
Jonathan W Witter Sallie Mae,Jonathan W Witter,Sallie Mae
Jeff Benck Benchmark Electronics,Jeff Benck,Benchmark Electronics
Charles H Giancarlo Pure Storage,Charles H Giancarlo,Pure Storage
Brian R Gray Knife River Corporation,Brian R Gray,Knife River Corporation
Jay Schmidt Caleres Inc,Jay Schmidt,Caleres Inc
Dale Asplund BrightView Holdings,Dale Asplund,BrightView Holdings
Jeffrey S Edwards Cooper-Standard,Jeffrey S Edwards,Cooper-Standard
Glenn J Williams Primerica,Glenn J Williams,Primerica
Francois Locoh-Donou F5,Francois Locoh-Donou,F5
Joseph Wm Foran Matador Resources,Joseph Wm Foran,Matador Resources
Sridhar Ramaswamy Snowflake Inc,Sridhar Ramaswamy,Snowflake Inc
Mark D Dankberg Viasat,Mark D Dankberg,Viasat
Francisco J Leon California Resources,Francisco J Leon,California Resources
Peter Stern Peloton Interactive,Peter Stern,Peloton Interactive
David Baszucki Roblox,David Baszucki,Roblox
Jeffrey W Edwards Installed Building Products,Jeffrey W Edwards,Installed Building Products
Clark Lauritzen First National of Nebraska,Clark Lauritzen,First National of Nebraska
Carlos Alberini Guess Inc,Carlos Alberini,Guess Inc
Shyam P Kambeyanda ESAB,Shyam P Kambeyanda,ESAB
Edmund Shallcross III Amica Mutual Insurance,Edmund Shallcross III,Amica Mutual Insurance
Benjamin W Schall AvalonBay Communities,Benjamin W Schall,AvalonBay Communities
Allan C Thygesen DocuSign,Allan C Thygesen,DocuSign
Bryan J Knutson Titan Machinery,Bryan J Knutson,Titan Machinery
Heath Sampson ModivCare,Heath Sampson,ModivCare
Ara K Hovnanian Hovnanian Enterprises,Ara K Hovnanian,Hovnanian Enterprises
Joshua G Silverman Etsy,Joshua G Silverman,Etsy
Kevin Roycraft Adams Resources & Energy,Kevin Roycraft,Adams Resources & Energy
J Eric Evans Surgery Partners,J Eric Evans,Surgery Partners
Clint E Stein Columbia Banking System,Clint E Stein,Columbia Banking System
Lee M Shavel Verisk Analytics,Lee M Shavel,Verisk Analytics
Dave Banyard Jr MasterBrand,Dave Banyard Jr,MasterBrand
Peter R Ingram Hawaiian Airlines Inc,Peter R Ingram,Hawaiian Airlines Inc
Kristin A Dolan AMC Networks,Kristin A Dolan,AMC Networks
Brendan T Cavanagh SBA Communications,Brendan T Cavanagh,SBA Communications
George F Chappelle Jr Americold Realty Trust,George F Chappelle Jr,Americold Realty Trust
Thomas E Gottwald NewMarket Corporation,Thomas E Gottwald,NewMarket Corporation
Thomas J Baltimore Jr Park Hotels & Resorts,Thomas J Baltimore Jr,Park Hotels & Resorts
Peter M Moglia Alexandria Real Estate Equities,Peter M Moglia,Alexandria Real Estate Equities
Ronald J Kramer Griffon Corporation,Ronald J Kramer,Griffon Corporation
John L Plueger Air Lease,John L Plueger,Air Lease
Jennifer F Scanlon UL Solutions,Jennifer F Scanlon,UL Solutions
Greg Smith Teradyne,Greg Smith,Teradyne
Sean Trauschke OGE Energy,Sean Trauschke,OGE Energy
Norman D Schwartz Bio-Rad Laboratories,Norman D Schwartz,Bio-Rad Laboratories
Scott Doyle Spire Inc,Scott Doyle,Spire Inc
Michael E Reed Gannett,Michael E Reed,Gannett
Cindy J Miller Stericycle,Cindy J Miller,Stericycle
Phillip D Green Cullen Frost Bankers,Phillip D Green,Cullen Frost Bankers
Joseph D Margolis Extra Space Storage,Joseph D Margolis,Extra Space Storage
Mark A Skonieczny REV Group,Mark A Skonieczny,REV Group
Ladd Wilks ProFrac Holding,Ladd Wilks,ProFrac Holding
Sundaram Nagarajan Nordson,Sundaram Nagarajan,Nordson
Anne P Noonan Summit Materials,Anne P Noonan,Summit Materials
Lori Flees Valvoline Inc,Lori Flees,Valvoline Inc
Scott H Baxter Kontoor Brands,Scott H Baxter,Kontoor Brands
Tim Larson Skyline Champion,Tim Larson,Skyline Champion
Chuck Divita Teladoc Health,Chuck Divita,Teladoc Health
W Bradley Southern Louisiana-Pacific Corporation,W Bradley Southern,Louisiana-Pacific Corporation
George C Freeman III Universal Corporation,George C Freeman III,Universal Corporation
James A Brock Consol Energy,James A Brock,Consol Energy
Robert Antokol Playtika Holding,Robert Antokol,Playtika Holding
Joe Craft Alliance Resource Partners,Joe Craft,Alliance Resource Partners
Paul Keel Envista,Paul Keel,Envista
Jared Isaacman Shift4 Payments,Jared Isaacman,Shift4 Payments
Mark Mac McFarland Talen Energy,Mark Mac McFarland,Talen Energy
Tony R Thene Carpenter Technology,Tony R Thene,Carpenter Technology
Melissa D Smith WEX,Melissa D Smith,WEX
James Jim C Ryan III Old National Bancorp,James Jim C Ryan III,Old National Bancorp
Peter J Federico AGNC Investment,Peter J Federico,AGNC Investment
Brent L Yeagy Wabash National,Brent L Yeagy,Wabash National
Henry A Fernandez MSCI,Henry A Fernandez,MSCI
Mark Penn Stagwell,Mark Penn,Stagwell
Julie Schertell Mativ,Julie Schertell,Mativ
Ashish Chand Belden,Ashish Chand,Belden
Greg Anderson Allegiant Travel Company,Greg Anderson,Allegiant Travel Company
Drew Houston Dropbox,Drew Houston,Dropbox
Kevin T Conroy Exact Sciences,Kevin T Conroy,Exact Sciences
Rex D Geveden BWX Technologies,Rex D Geveden,BWX Technologies
Scott R Wells Clear Channel Outdoor Hldgs,Scott R Wells,Clear Channel Outdoor Hldgs
Paul Bay Ingram Micro,Paul Bay,Ingram Micro
